npa,country_code,country_name,state_province_code,state_province_name,region,created_at,updated_at,notes,is_active
201,US,United States,NJ,New Jersey,US,2025-07-12 13:48:49.252+00,2025-07-25 02:02:05.038082+00,Uploaded from LERG file on 2025-07-12T13:48:49.252Z,true
202,US,United States,DC,District of Columbia,US,2025-07-12 13:48:49.252+00,2025-07-25 02:02:05.038082+00,Uploaded from LERG file on 2025-07-12T13:48:49.252Z,true
203,US,United States,CT,Connecticut,US,2025-07-12 13:48:49.252+00,2025-07-25 02:02:05.038082+00,Uploaded from LERG file on 2025-07-12T13:48:49.252Z,true
204,CA,Canada,MB,Manitoba,CA,2025-07-12 13:48:49.252+00,2025-07-25 02:02:05.038082+00,Uploaded from LERG file on 2025-07-12T13:48:49.252Z,true
205,US,United States,AL,Alabama,US,2025-07-12 13:48:49.252+00,2025-07-25 02:02:05.038082+00,Uploaded from LERG file on 2025-07-12T13:48:49.252Z,true
206,US,United States,WA,Washington,US,2025-07-12 13:48:49.252+00,2025-07-25 02:02:05.038082+00,Uploaded from LERG file on 2025-07-12T13:48:49.252Z,true
207,US,United States,ME,Maine,US,2025-07-12 13:48:49.252+00,2025-07-25 02:02:05.038082+00,Uploaded from LERG file on 2025-07-12T13:48:49.252Z,true
208,US,United States,ID,Idaho,US,2025-07-12 13:48:49.252+00,2025-07-25 02:02:05.038082+00,Uploaded from LERG file on 2025-07-12T13:48:49.252Z,true
209,US,United States,CA,California,US,2025-07-12 13:48:49.252+00,2025-07-25 02:02:05.038082+00,Uploaded from LERG file on 2025-07-12T13:48:49.252Z,true
210,US,United States,TX,Texas,US,2025-07-12 13:48:49.252+00,2025-07-25 02:02:05.038082+00,Uploaded from LERG file on 2025-07-12T13:48:49.252Z,true
212,US,United States,NY,New York,US,2025-07-12 13:48:49.253+00,2025-07-25 02:02:05.038082+00,Uploaded from LERG file on 2025-07-12T13:48:49.253Z,true
213,US,United States,CA,California,US,2025-07-12 13:48:49.253+00,2025-07-25 02:02:05.038082+00,Uploaded from LERG file on 2025-07-12T13:48:49.253Z,true
214,US,United States,TX,Texas,US,2025-07-12 13:48:49.253+00,2025-07-25 02:02:05.038082+00,Uploaded from LERG file on 2025-07-12T13:48:49.253Z,true
215,US,United States,PA,Pennsylvania,US,2025-07-12 13:48:49.253+00,2025-07-25 02:02:05.038082+00,Uploaded from LERG file on 2025-07-12T13:48:49.253Z,true
216,US,United States,OH,Ohio,US,2025-07-12 13:48:49.253+00,2025-07-25 02:02:05.038082+00,Uploaded from LERG file on 2025-07-12T13:48:49.253Z,true
217,US,United States,IL,Illinois,US,2025-07-12 13:48:49.253+00,2025-07-25 02:02:05.038082+00,Uploaded from LERG file on 2025-07-12T13:48:49.253Z,true
218,US,United States,MN,Minnesota,US,2025-07-12 13:48:49.253+00,2025-07-25 02:02:05.038082+00,Uploaded from LERG file on 2025-07-12T13:48:49.253Z,true
219,US,United States,IN,Indiana,US,2025-07-12 13:48:49.253+00,2025-07-25 02:02:05.038082+00,Uploaded from LERG file on 2025-07-12T13:48:49.253Z,true
220,US,United States,OH,Ohio,US,2025-07-12 13:48:49.253+00,2025-07-25 02:02:05.038082+00,Uploaded from LERG file on 2025-07-12T13:48:49.253Z,true
223,US,United States,PA,Pennsylvania,US,2025-07-12 13:48:49.253+00,2025-07-25 02:02:05.038082+00,Uploaded from LERG file on 2025-07-12T13:48:49.253Z,true
224,US,United States,IL,Illinois,US,2025-07-12 13:48:49.253+00,2025-07-25 02:02:05.038082+00,Uploaded from LERG file on 2025-07-12T13:48:49.253Z,true
225,US,United States,LA,Louisiana,US,2025-07-12 13:48:49.253+00,2025-07-25 02:02:05.038082+00,Uploaded from LERG file on 2025-07-12T13:48:49.253Z,true
226,CA,Canada,ON,Ontario,CA,2025-07-12 13:48:49.253+00,2025-07-25 02:02:05.038082+00,Uploaded from LERG file on 2025-07-12T13:48:49.253Z,true
227,US,United States,MD,Maryland,US,2025-07-12 13:48:49.253+00,2025-07-25 02:02:05.038082+00,Uploaded from LERG file on 2025-07-12T13:48:49.253Z,true
228,US,United States,MS,Mississippi,US,2025-07-12 13:48:49.253+00,2025-07-25 02:02:05.038082+00,Uploaded from LERG file on 2025-07-12T13:48:49.253Z,true
229,US,United States,GA,Georgia,US,2025-07-12 13:48:49.253+00,2025-07-25 02:02:05.038082+00,Uploaded from LERG file on 2025-07-12T13:48:49.253Z,true
231,US,United States,MI,Michigan,US,2025-07-12 13:48:49.253+00,2025-07-25 02:02:05.038082+00,Uploaded from LERG file on 2025-07-12T13:48:49.253Z,true
234,US,United States,OH,Ohio,US,2025-07-12 13:48:49.253+00,2025-07-25 02:02:05.038082+00,Uploaded from LERG file on 2025-07-12T13:48:49.253Z,true
235,US,United States,MO,Missouri,US,2025-07-12 13:48:49.253+00,2025-07-25 02:02:05.038082+00,Uploaded from LERG file on 2025-07-12T13:48:49.253Z,true
236,CA,Canada,BC,British Columbia,CA,2025-07-12 13:48:49.253+00,2025-07-25 02:02:05.038082+00,Uploaded from LERG file on 2025-07-12T13:48:49.253Z,true
239,US,United States,FL,Florida,US,2025-07-12 13:48:49.253+00,2025-07-25 02:02:05.038082+00,Uploaded from LERG file on 2025-07-12T13:48:49.253Z,true
240,US,United States,MD,Maryland,US,2025-07-12 13:48:49.253+00,2025-07-25 02:02:05.038082+00,Uploaded from LERG file on 2025-07-12T13:48:49.253Z,true
242,BS,Bahamas,BS,Bahamas,Caribbean,2025-06-28 23:26:21.081586+00,2025-07-25 02:02:05.038082+00,Cleared via admin interface,true
246,BB,Barbados,BD,Barbados,Caribbean,2025-07-12 13:48:49.253+00,2025-07-25 02:02:05.038082+00,Uploaded from LERG file on 2025-07-12T13:48:49.253Z,true
248,US,United States,MI,Michigan,US,2025-07-12 13:48:49.253+00,2025-07-25 02:02:05.038082+00,Uploaded from LERG file on 2025-07-12T13:48:49.253Z,true
249,CA,Canada,ON,Ontario,CA,2025-07-12 13:48:49.253+00,2025-07-25 02:02:05.038082+00,Uploaded from LERG file on 2025-07-12T13:48:49.253Z,true
250,CA,Canada,BC,British Columbia,CA,2025-07-12 13:48:49.253+00,2025-07-25 02:02:05.038082+00,Uploaded from LERG file on 2025-07-12T13:48:49.253Z,true
251,US,United States,AL,Alabama,US,2025-07-12 13:48:49.253+00,2025-07-25 02:02:05.038082+00,Uploaded from LERG file on 2025-07-12T13:48:49.253Z,true
252,US,United States,NC,North Carolina,US,2025-07-12 13:48:49.253+00,2025-07-25 02:02:05.038082+00,Uploaded from LERG file on 2025-07-12T13:48:49.253Z,true
253,US,United States,WA,Washington,US,2025-07-12 13:48:49.253+00,2025-07-25 02:02:05.038082+00,Uploaded from LERG file on 2025-07-12T13:48:49.253Z,true
254,US,United States,TX,Texas,US,2025-07-12 13:48:49.253+00,2025-07-25 02:02:05.038082+00,Uploaded from LERG file on 2025-07-12T13:48:49.253Z,true
256,US,United States,AL,Alabama,US,2025-07-12 13:48:49.253+00,2025-07-25 02:02:05.038082+00,Uploaded from LERG file on 2025-07-12T13:48:49.253Z,true
257,CA,Canada,BC,British Columbia,CA,2025-07-12 13:48:49.253+00,2025-07-25 02:02:05.038082+00,Uploaded from LERG file on 2025-07-12T13:48:49.253Z,true
260,US,United States,IN,Indiana,US,2025-07-12 13:48:49.253+00,2025-07-25 02:02:05.038082+00,Uploaded from LERG file on 2025-07-12T13:48:49.253Z,true
262,US,United States,WI,Wisconsin,US,2025-07-12 13:48:49.253+00,2025-07-25 02:02:05.038082+00,Uploaded from LERG file on 2025-07-12T13:48:49.253Z,true
263,CA,Canada,QC,Quebec,CA,2025-07-12 13:48:49.253+00,2025-07-25 02:02:05.038082+00,Uploaded from LERG file on 2025-07-12T13:48:49.253Z,true
264,AI,Anguilla,AI,Anguilla,Caribbean,2025-07-12 13:48:49.253+00,2025-07-25 02:08:54.580741+00,Uploaded from LERG file on 2025-07-12T13:48:49.253Z,true
267,US,United States,PA,Pennsylvania,US,2025-07-12 13:48:49.253+00,2025-07-25 02:02:05.038082+00,Uploaded from LERG file on 2025-07-12T13:48:49.253Z,true
268,AG,Antigua and Barbuda,AN,Anigua and Barbuda,Caribbean,2025-07-12 13:48:49.253+00,2025-07-25 02:08:30.968131+00,Uploaded from LERG file on 2025-07-12T13:48:49.253Z,true
269,US,United States,MI,Michigan,US,2025-07-12 13:48:49.253+00,2025-07-25 02:02:05.038082+00,Uploaded from LERG file on 2025-07-12T13:48:49.253Z,true
270,US,United States,KY,Kentucky,US,2025-07-12 13:48:49.253+00,2025-07-25 02:02:05.038082+00,Uploaded from LERG file on 2025-07-12T13:48:49.253Z,true
272,US,United States,PA,Pennsylvania,US,2025-07-12 13:48:49.253+00,2025-07-25 02:02:05.038082+00,Uploaded from LERG file on 2025-07-12T13:48:49.253Z,true
274,US,United States,WI,Wisconsin,US,2025-07-12 13:48:49.253+00,2025-07-25 02:02:05.038082+00,Uploaded from LERG file on 2025-07-12T13:48:49.253Z,true
276,US,United States,VA,Virginia,US,2025-07-12 13:48:49.253+00,2025-07-25 02:02:05.038082+00,Uploaded from LERG file on 2025-07-12T13:48:49.253Z,true
279,US,United States,CA,California,US,2025-07-12 13:48:49.253+00,2025-07-25 02:02:05.038082+00,Uploaded from LERG file on 2025-07-12T13:48:49.253Z,true
281,US,United States,TX,Texas,US,2025-07-12 13:48:49.253+00,2025-07-25 02:02:05.038082+00,Uploaded from LERG file on 2025-07-12T13:48:49.253Z,true
283,US,United States,OH,Ohio,US,2025-07-12 13:48:49.253+00,2025-07-25 02:02:05.038082+00,Uploaded from LERG file on 2025-07-12T13:48:49.253Z,true
284,VG,British Virgin Islands,BV,British Virgin Islands,Caribbean,2025-07-12 13:48:49.253+00,2025-07-25 02:02:05.038082+00,Uploaded from LERG file on 2025-07-12T13:48:49.253Z,true
289,CA,Canada,ON,Ontario,CA,2025-07-12 13:48:49.253+00,2025-07-25 02:02:05.038082+00,Uploaded from LERG file on 2025-07-12T13:48:49.253Z,true
301,US,United States,MD,Maryland,US,2025-07-12 13:48:49.253+00,2025-07-25 02:02:05.038082+00,Uploaded from LERG file on 2025-07-12T13:48:49.253Z,true
302,US,United States,DE,Delaware,US,2025-07-12 13:48:49.253+00,2025-07-25 02:02:05.038082+00,Uploaded from LERG file on 2025-07-12T13:48:49.253Z,true
303,US,United States,CO,Colorado,US,2025-07-12 13:48:49.253+00,2025-07-25 02:02:05.038082+00,Uploaded from LERG file on 2025-07-12T13:48:49.253Z,true
304,US,United States,WV,West Virginia,US,2025-07-12 13:48:49.253+00,2025-07-25 02:02:05.038082+00,Uploaded from LERG file on 2025-07-12T13:48:49.253Z,true
305,US,United States,FL,Florida,US,2025-07-12 13:48:49.253+00,2025-07-25 02:02:05.038082+00,Uploaded from LERG file on 2025-07-12T13:48:49.253Z,true
306,CA,Canada,SK,Saskatchewan,CA,2025-07-12 13:48:49.253+00,2025-07-25 02:02:05.038082+00,Uploaded from LERG file on 2025-07-12T13:48:49.253Z,true
307,US,United States,WY,Wyoming,US,2025-07-12 13:48:49.253+00,2025-07-25 02:02:05.038082+00,Uploaded from LERG file on 2025-07-12T13:48:49.253Z,true
308,US,United States,NE,Nebraska,US,2025-07-12 13:48:49.253+00,2025-07-25 02:02:05.038082+00,Uploaded from LERG file on 2025-07-12T13:48:49.253Z,true
309,US,United States,IL,Illinois,US,2025-07-12 13:48:49.253+00,2025-07-25 02:02:05.038082+00,Uploaded from LERG file on 2025-07-12T13:48:49.253Z,true
310,US,United States,CA,California,US,2025-07-12 13:48:49.253+00,2025-07-25 02:02:05.038082+00,Uploaded from LERG file on 2025-07-12T13:48:49.253Z,true
312,US,United States,IL,Illinois,US,2025-07-12 13:48:49.253+00,2025-07-25 02:02:05.038082+00,Uploaded from LERG file on 2025-07-12T13:48:49.253Z,true
313,US,United States,MI,Michigan,US,2025-07-12 13:48:49.253+00,2025-07-25 02:02:05.038082+00,Uploaded from LERG file on 2025-07-12T13:48:49.253Z,true
314,US,United States,MO,Missouri,US,2025-07-12 13:48:49.253+00,2025-07-25 02:02:05.038082+00,Uploaded from LERG file on 2025-07-12T13:48:49.253Z,true
315,US,United States,NY,New York,US,2025-07-12 13:48:49.253+00,2025-07-25 02:02:05.038082+00,Uploaded from LERG file on 2025-07-12T13:48:49.253Z,true
316,US,United States,KS,Kansas,US,2025-07-12 13:48:49.253+00,2025-07-25 02:02:05.038082+00,Uploaded from LERG file on 2025-07-12T13:48:49.253Z,true
317,US,United States,IN,Indiana,US,2025-07-12 13:48:49.253+00,2025-07-25 02:02:05.038082+00,Uploaded from LERG file on 2025-07-12T13:48:49.253Z,true
318,US,United States,LA,Louisiana,US,2025-07-12 13:48:49.253+00,2025-07-25 02:02:05.038082+00,Uploaded from LERG file on 2025-07-12T13:48:49.253Z,true
319,US,United States,IA,Iowa,US,2025-07-12 13:48:49.253+00,2025-07-25 02:02:05.038082+00,Uploaded from LERG file on 2025-07-12T13:48:49.253Z,true
320,US,United States,MN,Minnesota,US,2025-07-12 13:48:49.253+00,2025-07-25 02:02:05.038082+00,Uploaded from LERG file on 2025-07-12T13:48:49.253Z,true
321,US,United States,FL,Florida,US,2025-07-12 13:48:49.253+00,2025-07-25 02:02:05.038082+00,Uploaded from LERG file on 2025-07-12T13:48:49.253Z,true
323,US,United States,CA,California,US,2025-07-12 13:48:49.253+00,2025-07-25 02:02:05.038082+00,Uploaded from LERG file on 2025-07-12T13:48:49.253Z,true
324,US,United States,FL,Florida,US,2025-07-12 13:48:49.253+00,2025-07-25 02:02:05.038082+00,Uploaded from LERG file on 2025-07-12T13:48:49.253Z,true
325,US,United States,TX,Texas,US,2025-07-12 13:48:49.253+00,2025-07-25 02:02:05.038082+00,Uploaded from LERG file on 2025-07-12T13:48:49.253Z,true
326,US,United States,OH,Ohio,US,2025-07-12 13:48:49.253+00,2025-07-25 02:02:05.038082+00,Uploaded from LERG file on 2025-07-12T13:48:49.253Z,true
327,US,United States,AR,Arkansas,US,2025-07-12 13:48:49.253+00,2025-07-25 02:02:05.038082+00,Uploaded from LERG file on 2025-07-12T13:48:49.253Z,true
329,US,United States,NY,New York,US,2025-07-12 13:48:49.253+00,2025-07-25 02:02:05.038082+00,Uploaded from LERG file on 2025-07-12T13:48:49.253Z,true
330,US,United States,OH,Ohio,US,2025-07-12 13:48:49.253+00,2025-07-25 02:02:05.038082+00,Uploaded from LERG file on 2025-07-12T13:48:49.253Z,true
331,US,United States,IL,Illinois,US,2025-07-12 13:48:49.253+00,2025-07-25 02:02:05.038082+00,Uploaded from LERG file on 2025-07-12T13:48:49.253Z,true
332,US,United States,NY,New York,US,2025-07-12 13:48:49.253+00,2025-07-25 02:02:05.038082+00,Uploaded from LERG file on 2025-07-12T13:48:49.253Z,true
334,US,United States,AL,Alabama,US,2025-07-12 13:48:49.253+00,2025-07-25 02:02:05.038082+00,Uploaded from LERG file on 2025-07-12T13:48:49.253Z,true
336,US,United States,NC,North Carolina,US,2025-07-12 13:48:49.253+00,2025-07-25 02:02:05.038082+00,Uploaded from LERG file on 2025-07-12T13:48:49.253Z,true
337,US,United States,LA,Louisiana,US,2025-07-12 13:48:49.253+00,2025-07-25 02:02:05.038082+00,Uploaded from LERG file on 2025-07-12T13:48:49.253Z,true
339,US,United States,MA,Massachusetts,US,2025-07-12 13:48:49.253+00,2025-07-25 02:02:05.038082+00,Uploaded from LERG file on 2025-07-12T13:48:49.253Z,true
340,US,United States,VI,VI,US,2025-07-12 13:48:49.253+00,2025-07-25 02:02:05.038082+00,Uploaded from LERG file on 2025-07-12T13:48:49.253Z,true
341,US,United States,CA,California,US,2025-07-12 13:48:49.253+00,2025-07-25 02:02:05.038082+00,Uploaded from LERG file on 2025-07-12T13:48:49.253Z,true
343,CA,Canada,ON,Ontario,CA,2025-07-12 13:48:49.253+00,2025-07-25 02:02:05.038082+00,Uploaded from LERG file on 2025-07-12T13:48:49.253Z,true
345,KY,Cayman Islands,CQ,Cayman Islands,Caribbean,2025-07-12 13:48:49.253+00,2025-07-25 02:09:17.816412+00,Uploaded from LERG file on 2025-07-12T13:48:49.253Z,true
346,US,United States,TX,Texas,US,2025-07-12 13:48:49.253+00,2025-07-25 02:02:05.038082+00,Uploaded from LERG file on 2025-07-12T13:48:49.253Z,true
347,US,United States,NY,New York,US,2025-07-12 13:48:49.253+00,2025-07-25 02:02:05.038082+00,Uploaded from LERG file on 2025-07-12T13:48:49.253Z,true
350,US,United States,CA,California,US,2025-07-12 13:48:49.253+00,2025-07-25 02:02:05.038082+00,Uploaded from LERG file on 2025-07-12T13:48:49.253Z,true
351,US,United States,MA,Massachusetts,US,2025-07-12 13:48:49.253+00,2025-07-25 02:02:05.038082+00,Uploaded from LERG file on 2025-07-12T13:48:49.253Z,true
352,US,United States,FL,Florida,US,2025-07-12 13:48:49.253+00,2025-07-25 02:02:05.038082+00,Uploaded from LERG file on 2025-07-12T13:48:49.253Z,true
353,US,United States,WI,Wisconsin,US,2025-07-12 13:48:49.253+00,2025-07-25 02:02:05.038082+00,Uploaded from LERG file on 2025-07-12T13:48:49.253Z,true
354,CA,Canada,QC,Quebec,CA,2025-07-12 13:48:49.253+00,2025-07-25 02:02:05.038082+00,Uploaded from LERG file on 2025-07-12T13:48:49.253Z,true
357,US,United States,CA,California,US,2025-07-12 13:48:49.253+00,2025-07-25 02:02:05.038082+00,Uploaded from LERG file on 2025-07-12T13:48:49.253Z,true
360,US,United States,WA,Washington,US,2025-07-12 13:48:49.253+00,2025-07-25 02:02:05.038082+00,Uploaded from LERG file on 2025-07-12T13:48:49.253Z,true
361,US,United States,TX,Texas,US,2025-07-12 13:48:49.253+00,2025-07-25 02:02:05.038082+00,Uploaded from LERG file on 2025-07-12T13:48:49.253Z,true
363,US,United States,NY,New York,US,2025-07-12 13:48:49.253+00,2025-07-25 02:02:05.038082+00,Uploaded from LERG file on 2025-07-12T13:48:49.253Z,true
364,US,United States,KY,Kentucky,US,2025-07-12 13:48:49.253+00,2025-07-25 02:02:05.038082+00,Uploaded from LERG file on 2025-07-12T13:48:49.253Z,true
365,CA,Canada,ON,Ontario,CA,2025-07-12 13:48:49.253+00,2025-07-25 02:02:05.038082+00,Uploaded from LERG file on 2025-07-12T13:48:49.253Z,true
367,CA,Canada,QC,Quebec,CA,2025-07-12 13:48:49.253+00,2025-07-25 02:02:05.038082+00,Uploaded from LERG file on 2025-07-12T13:48:49.253Z,true
368,CA,Canada,AB,Alberta,CA,2025-07-12 13:48:49.253+00,2025-07-25 02:02:05.038082+00,Uploaded from LERG file on 2025-07-12T13:48:49.253Z,true
369,US,United States,CA,California,US,2025-07-12 13:48:49.253+00,2025-07-25 02:02:05.038082+00,Uploaded from LERG file on 2025-07-12T13:48:49.253Z,true
380,US,United States,OH,Ohio,US,2025-07-12 13:48:49.253+00,2025-07-25 02:02:05.038082+00,Uploaded from LERG file on 2025-07-12T13:48:49.253Z,true
382,CA,Canada,ON,Ontario,CA,2025-07-12 13:48:49.253+00,2025-07-25 02:02:05.038082+00,Uploaded from LERG file on 2025-07-12T13:48:49.253Z,true
385,US,United States,UT,Utah,US,2025-07-12 13:48:49.253+00,2025-07-25 02:02:05.038082+00,Uploaded from LERG file on 2025-07-12T13:48:49.253Z,true
386,US,United States,FL,Florida,US,2025-07-12 13:48:49.253+00,2025-07-25 02:02:05.038082+00,Uploaded from LERG file on 2025-07-12T13:48:49.253Z,true
387,CA,Canada,ON,Ontario,CA,2025-06-28 23:26:21.081586+00,2025-07-25 02:02:05.038082+00,Cleared via admin interface,true
401,US,United States,RI,Rhode Island,US,2025-07-12 13:48:49.253+00,2025-07-25 02:02:05.038082+00,Uploaded from LERG file on 2025-07-12T13:48:49.253Z,true
402,US,United States,NE,Nebraska,US,2025-07-12 13:48:49.253+00,2025-07-25 02:02:05.038082+00,Uploaded from LERG file on 2025-07-12T13:48:49.253Z,true
403,CA,Canada,AB,Alberta,CA,2025-07-12 13:48:49.253+00,2025-07-25 02:02:05.038082+00,Uploaded from LERG file on 2025-07-12T13:48:49.253Z,true
404,US,United States,GA,Georgia,US,2025-07-12 13:48:49.253+00,2025-07-25 02:02:05.038082+00,Uploaded from LERG file on 2025-07-12T13:48:49.253Z,true
405,US,United States,OK,Oklahoma,US,2025-07-12 13:48:49.253+00,2025-07-25 02:02:05.038082+00,Uploaded from LERG file on 2025-07-12T13:48:49.253Z,true
406,US,United States,MT,Montana,US,2025-07-12 13:48:49.253+00,2025-07-25 02:02:05.038082+00,Uploaded from LERG file on 2025-07-12T13:48:49.253Z,true
407,US,United States,FL,Florida,US,2025-07-12 13:48:49.253+00,2025-07-25 02:02:05.038082+00,Uploaded from LERG file on 2025-07-12T13:48:49.253Z,true
408,US,United States,CA,California,US,2025-07-12 13:48:49.253+00,2025-07-25 02:02:05.038082+00,Uploaded from LERG file on 2025-07-12T13:48:49.253Z,true
409,US,United States,TX,Texas,US,2025-07-12 13:48:49.253+00,2025-07-25 02:02:05.038082+00,Uploaded from LERG file on 2025-07-12T13:48:49.253Z,true
410,US,United States,MD,Maryland,US,2025-07-12 13:48:49.253+00,2025-07-25 02:02:05.038082+00,Uploaded from LERG file on 2025-07-12T13:48:49.253Z,true
412,US,United States,PA,Pennsylvania,US,2025-07-12 13:48:49.253+00,2025-07-25 02:02:05.038082+00,Uploaded from LERG file on 2025-07-12T13:48:49.253Z,true
413,US,United States,MA,Massachusetts,US,2025-07-12 13:48:49.253+00,2025-07-25 02:02:05.038082+00,Uploaded from LERG file on 2025-07-12T13:48:49.253Z,true
414,US,United States,WI,Wisconsin,US,2025-07-12 13:48:49.253+00,2025-07-25 02:02:05.038082+00,Uploaded from LERG file on 2025-07-12T13:48:49.253Z,true
415,US,United States,CA,California,US,2025-07-12 13:48:49.253+00,2025-07-25 02:02:05.038082+00,Uploaded from LERG file on 2025-07-12T13:48:49.253Z,true
416,CA,Canada,ON,Ontario,CA,2025-07-12 13:48:49.253+00,2025-07-25 02:02:05.038082+00,Uploaded from LERG file on 2025-07-12T13:48:49.253Z,true
417,US,United States,MO,Missouri,US,2025-07-12 13:48:49.253+00,2025-07-25 02:02:05.038082+00,Uploaded from LERG file on 2025-07-12T13:48:49.253Z,true
418,CA,Canada,QC,Quebec,CA,2025-07-12 13:48:49.253+00,2025-07-25 02:02:05.038082+00,Uploaded from LERG file on 2025-07-12T13:48:49.253Z,true
419,US,United States,OH,Ohio,US,2025-07-12 13:48:49.253+00,2025-07-25 02:02:05.038082+00,Uploaded from LERG file on 2025-07-12T13:48:49.253Z,true
423,US,United States,TN,Tennessee,US,2025-07-12 13:48:49.253+00,2025-07-25 02:02:05.038082+00,Uploaded from LERG file on 2025-07-12T13:48:49.253Z,true
424,US,United States,CA,California,US,2025-07-12 13:48:49.253+00,2025-07-25 02:02:05.038082+00,Uploaded from LERG file on 2025-07-12T13:48:49.253Z,true
425,US,United States,WA,Washington,US,2025-07-12 13:48:49.253+00,2025-07-25 02:02:05.038082+00,Uploaded from LERG file on 2025-07-12T13:48:49.253Z,true
428,CA,Canada,NB,New Brunswick,CA,2025-07-12 13:48:49.253+00,2025-07-25 02:02:05.038082+00,Uploaded from LERG file on 2025-07-12T13:48:49.253Z,true
430,US,United States,TX,Texas,US,2025-07-12 13:48:49.253+00,2025-07-25 02:02:05.038082+00,Uploaded from LERG file on 2025-07-12T13:48:49.253Z,true
431,CA,Canada,MB,Manitoba,CA,2025-07-12 13:48:49.253+00,2025-07-25 02:02:05.038082+00,Uploaded from LERG file on 2025-07-12T13:48:49.253Z,true
432,US,United States,TX,Texas,US,2025-07-12 13:48:49.253+00,2025-07-25 02:02:05.038082+00,Uploaded from LERG file on 2025-07-12T13:48:49.253Z,true
434,US,United States,VA,Virginia,US,2025-07-12 13:48:49.253+00,2025-07-25 02:02:05.038082+00,Uploaded from LERG file on 2025-07-12T13:48:49.253Z,true
435,US,United States,UT,Utah,US,2025-07-12 13:48:49.253+00,2025-07-25 02:02:05.038082+00,Uploaded from LERG file on 2025-07-12T13:48:49.253Z,true
436,US,United States,OH,Ohio,US,2025-07-12 13:48:49.253+00,2025-07-25 02:02:05.038082+00,Uploaded from LERG file on 2025-07-12T13:48:49.253Z,true
437,CA,Canada,ON,Ontario,CA,2025-07-12 13:48:49.253+00,2025-07-25 02:02:05.038082+00,Uploaded from LERG file on 2025-07-12T13:48:49.253Z,true
438,CA,Canada,QC,Quebec,CA,2025-07-12 13:48:49.253+00,2025-07-25 02:02:05.038082+00,Uploaded from LERG file on 2025-07-12T13:48:49.253Z,true
440,US,United States,OH,Ohio,US,2025-07-12 13:48:49.253+00,2025-07-25 02:02:05.038082+00,Uploaded from LERG file on 2025-07-12T13:48:49.253Z,true
441,BM,Bermuda,BM,Bermuda,Caribbean,2025-07-12 13:48:49.253+00,2025-07-25 02:02:05.038082+00,Uploaded from LERG file on 2025-07-12T13:48:49.253Z,true
442,US,United States,CA,California,US,2025-07-12 13:48:49.253+00,2025-07-25 02:02:05.038082+00,Uploaded from LERG file on 2025-07-12T13:48:49.253Z,true
443,US,United States,MD,Maryland,US,2025-07-12 13:48:49.253+00,2025-07-25 02:02:05.038082+00,Uploaded from LERG file on 2025-07-12T13:48:49.253Z,true
445,US,United States,PA,Pennsylvania,US,2025-07-12 13:48:49.253+00,2025-07-25 02:02:05.038082+00,Uploaded from LERG file on 2025-07-12T13:48:49.253Z,true
447,US,United States,IL,Illinois,US,2025-07-12 13:48:49.253+00,2025-07-25 02:02:05.038082+00,Uploaded from LERG file on 2025-07-12T13:48:49.253Z,true
448,US,United States,FL,Florida,US,2025-07-12 13:48:49.253+00,2025-07-25 02:02:05.038082+00,Uploaded from LERG file on 2025-07-12T13:48:49.253Z,true
450,CA,Canada,QC,Quebec,CA,2025-07-12 13:48:49.253+00,2025-07-25 02:02:05.038082+00,Uploaded from LERG file on 2025-07-12T13:48:49.253Z,true
458,US,United States,OR,Oregon,US,2025-07-12 13:48:49.253+00,2025-07-25 02:02:05.038082+00,Uploaded from LERG file on 2025-07-12T13:48:49.253Z,true
463,US,United States,IN,Indiana,US,2025-07-12 13:48:49.253+00,2025-07-25 02:02:05.038082+00,Uploaded from LERG file on 2025-07-12T13:48:49.253Z,true
464,US,United States,IL,Illinois,US,2025-07-12 13:48:49.253+00,2025-07-25 02:02:05.038082+00,Uploaded from LERG file on 2025-07-12T13:48:49.253Z,true
468,CA,Canada,QC,Quebec,CA,2025-07-12 13:48:49.253+00,2025-07-25 02:02:05.038082+00,Uploaded from LERG file on 2025-07-12T13:48:49.253Z,true
469,US,United States,TX,Texas,US,2025-07-12 13:48:49.253+00,2025-07-25 02:02:05.038082+00,Uploaded from LERG file on 2025-07-12T13:48:49.253Z,true
470,US,United States,GA,Georgia,US,2025-07-12 13:48:49.253+00,2025-07-25 02:02:05.038082+00,Uploaded from LERG file on 2025-07-12T13:48:49.253Z,true
472,US,United States,NC,North Carolina,US,2025-07-12 13:48:49.253+00,2025-07-25 02:02:05.038082+00,Uploaded from LERG file on 2025-07-12T13:48:49.253Z,true
473,GD,Grenada,GD,Grenada,Caribbean,2025-07-12 13:48:49.253+00,2025-07-25 02:02:05.038082+00,Uploaded from LERG file on 2025-07-12T13:48:49.253Z,true
474,CA,Canada,SK,Saskatchewan,CA,2025-07-12 13:48:49.253+00,2025-07-25 02:02:05.038082+00,Uploaded from LERG file on 2025-07-12T13:48:49.253Z,true
475,US,United States,CT,Connecticut,US,2025-07-12 13:48:49.253+00,2025-07-25 02:02:05.038082+00,Uploaded from LERG file on 2025-07-12T13:48:49.253Z,true
478,US,United States,GA,Georgia,US,2025-07-12 13:48:49.253+00,2025-07-25 02:02:05.038082+00,Uploaded from LERG file on 2025-07-12T13:48:49.253Z,true
479,US,United States,AR,Arkansas,US,2025-07-12 13:48:49.253+00,2025-07-25 02:02:05.038082+00,Uploaded from LERG file on 2025-07-12T13:48:49.253Z,true
480,US,United States,AZ,Arizona,US,2025-07-12 13:48:49.253+00,2025-07-25 02:02:05.038082+00,Uploaded from LERG file on 2025-07-12T13:48:49.253Z,true
484,US,United States,PA,Pennsylvania,US,2025-07-12 13:48:49.253+00,2025-07-25 02:02:05.038082+00,Uploaded from LERG file on 2025-07-12T13:48:49.253Z,true
501,US,United States,AR,Arkansas,US,2025-07-12 13:48:49.253+00,2025-07-25 02:02:05.038082+00,Uploaded from LERG file on 2025-07-12T13:48:49.253Z,true
502,US,United States,KY,Kentucky,US,2025-07-12 13:48:49.253+00,2025-07-25 02:02:05.038082+00,Uploaded from LERG file on 2025-07-12T13:48:49.253Z,true
503,US,United States,OR,Oregon,US,2025-07-12 13:48:49.253+00,2025-07-25 02:02:05.038082+00,Uploaded from LERG file on 2025-07-12T13:48:49.253Z,true
504,US,United States,LA,Louisiana,US,2025-07-12 13:48:49.253+00,2025-07-25 02:02:05.038082+00,Uploaded from LERG file on 2025-07-12T13:48:49.253Z,true
505,US,United States,NM,New Mexico,US,2025-07-12 13:48:49.253+00,2025-07-25 02:02:05.038082+00,Uploaded from LERG file on 2025-07-12T13:48:49.253Z,true
506,CA,Canada,NB,New Brunswick,CA,2025-07-12 13:48:49.253+00,2025-07-25 02:02:05.038082+00,Uploaded from LERG file on 2025-07-12T13:48:49.253Z,true
507,US,United States,MN,Minnesota,US,2025-07-12 13:48:49.253+00,2025-07-25 02:02:05.038082+00,Uploaded from LERG file on 2025-07-12T13:48:49.253Z,true
508,US,United States,MA,Massachusetts,US,2025-07-12 13:48:49.253+00,2025-07-25 02:02:05.038082+00,Uploaded from LERG file on 2025-07-12T13:48:49.253Z,true
509,US,United States,WA,Washington,US,2025-07-12 13:48:49.253+00,2025-07-25 02:02:05.038082+00,Uploaded from LERG file on 2025-07-12T13:48:49.253Z,true
510,US,United States,CA,California,US,2025-07-12 13:48:49.253+00,2025-07-25 02:02:05.038082+00,Uploaded from LERG file on 2025-07-12T13:48:49.253Z,true
512,US,United States,TX,Texas,US,2025-07-12 13:48:49.253+00,2025-07-25 02:02:05.038082+00,Uploaded from LERG file on 2025-07-12T13:48:49.253Z,true
513,US,United States,OH,Ohio,US,2025-07-12 13:48:49.253+00,2025-07-25 02:02:05.038082+00,Uploaded from LERG file on 2025-07-12T13:48:49.253Z,true
514,CA,Canada,QC,Quebec,CA,2025-07-12 13:48:49.253+00,2025-07-25 02:02:05.038082+00,Uploaded from LERG file on 2025-07-12T13:48:49.253Z,true
515,US,United States,IA,Iowa,US,2025-07-12 13:48:49.253+00,2025-07-25 02:02:05.038082+00,Uploaded from LERG file on 2025-07-12T13:48:49.253Z,true
516,US,United States,NY,New York,US,2025-07-12 13:48:49.253+00,2025-07-25 02:02:05.038082+00,Uploaded from LERG file on 2025-07-12T13:48:49.253Z,true
517,US,United States,MI,Michigan,US,2025-07-12 13:48:49.253+00,2025-07-25 02:02:05.038082+00,Uploaded from LERG file on 2025-07-12T13:48:49.253Z,true
518,US,United States,NY,New York,US,2025-07-12 13:48:49.253+00,2025-07-25 02:02:05.038082+00,Uploaded from LERG file on 2025-07-12T13:48:49.253Z,true
519,CA,Canada,ON,Ontario,CA,2025-07-12 13:48:49.253+00,2025-07-25 02:02:05.038082+00,Uploaded from LERG file on 2025-07-12T13:48:49.253Z,true
520,US,United States,AZ,Arizona,US,2025-07-12 13:48:49.253+00,2025-07-25 02:02:05.038082+00,Uploaded from LERG file on 2025-07-12T13:48:49.253Z,true
530,US,United States,CA,California,US,2025-07-12 13:48:49.253+00,2025-07-25 02:02:05.038082+00,Uploaded from LERG file on 2025-07-12T13:48:49.253Z,true
531,US,United States,NE,Nebraska,US,2025-07-12 13:48:49.253+00,2025-07-25 02:02:05.038082+00,Uploaded from LERG file on 2025-07-12T13:48:49.253Z,true
534,US,United States,WI,Wisconsin,US,2025-07-12 13:48:49.253+00,2025-07-25 02:02:05.038082+00,Uploaded from LERG file on 2025-07-12T13:48:49.253Z,true
539,US,United States,OK,Oklahoma,US,2025-07-12 13:48:49.253+00,2025-07-25 02:02:05.038082+00,Uploaded from LERG file on 2025-07-12T13:48:49.253Z,true
540,US,United States,VA,Virginia,US,2025-07-12 13:48:49.253+00,2025-07-25 02:02:05.038082+00,Uploaded from LERG file on 2025-07-12T13:48:49.253Z,true
541,US,United States,OR,Oregon,US,2025-07-12 13:48:49.253+00,2025-07-25 02:02:05.038082+00,Uploaded from LERG file on 2025-07-12T13:48:49.253Z,true
548,CA,Canada,ON,Ontario,CA,2025-07-12 13:48:49.253+00,2025-07-25 02:02:05.038082+00,Uploaded from LERG file on 2025-07-12T13:48:49.253Z,true
551,US,United States,NJ,New Jersey,US,2025-07-12 13:48:49.253+00,2025-07-25 02:02:05.038082+00,Uploaded from LERG file on 2025-07-12T13:48:49.253Z,true
557,US,United States,MO,Missouri,US,2025-07-12 13:48:49.253+00,2025-07-25 02:02:05.038082+00,Uploaded from LERG file on 2025-07-12T13:48:49.253Z,true
559,US,United States,CA,California,US,2025-07-12 13:48:49.253+00,2025-07-25 02:02:05.038082+00,Uploaded from LERG file on 2025-07-12T13:48:49.253Z,true
561,US,United States,FL,Florida,US,2025-07-12 13:48:49.253+00,2025-07-25 02:02:05.038082+00,Uploaded from LERG file on 2025-07-12T13:48:49.253Z,true
562,US,United States,CA,California,US,2025-07-12 13:48:49.253+00,2025-07-25 02:02:05.038082+00,Uploaded from LERG file on 2025-07-12T13:48:49.253Z,true
563,US,United States,IA,Iowa,US,2025-07-12 13:48:49.253+00,2025-07-25 02:02:05.038082+00,Uploaded from LERG file on 2025-07-12T13:48:49.253Z,true
564,US,United States,WA,Washington,US,2025-07-12 13:48:49.253+00,2025-07-25 02:02:05.038082+00,Uploaded from LERG file on 2025-07-12T13:48:49.253Z,true
567,US,United States,OH,Ohio,US,2025-07-12 13:48:49.253+00,2025-07-25 02:02:05.038082+00,Uploaded from LERG file on 2025-07-12T13:48:49.253Z,true
570,US,United States,PA,Pennsylvania,US,2025-07-12 13:48:49.253+00,2025-07-25 02:02:05.038082+00,Uploaded from LERG file on 2025-07-12T13:48:49.253Z,true
571,US,United States,VA,Virginia,US,2025-07-12 13:48:49.253+00,2025-07-25 02:02:05.038082+00,Uploaded from LERG file on 2025-07-12T13:48:49.253Z,true
572,US,United States,OK,Oklahoma,US,2025-07-12 13:48:49.253+00,2025-07-25 02:02:05.038082+00,Uploaded from LERG file on 2025-07-12T13:48:49.253Z,true
573,US,United States,MO,Missouri,US,2025-07-12 13:48:49.253+00,2025-07-25 02:02:05.038082+00,Uploaded from LERG file on 2025-07-12T13:48:49.253Z,true
574,US,United States,IN,Indiana,US,2025-07-12 13:48:49.253+00,2025-07-25 02:02:05.038082+00,Uploaded from LERG file on 2025-07-12T13:48:49.253Z,true
575,US,United States,NM,New Mexico,US,2025-07-12 13:48:49.254+00,2025-07-25 02:02:05.038082+00,Uploaded from LERG file on 2025-07-12T13:48:49.254Z,true
579,CA,Canada,QC,Quebec,CA,2025-07-12 13:48:49.254+00,2025-07-25 02:02:05.038082+00,Uploaded from LERG file on 2025-07-12T13:48:49.254Z,true
580,US,United States,OK,Oklahoma,US,2025-07-12 13:48:49.254+00,2025-07-25 02:02:05.038082+00,Uploaded from LERG file on 2025-07-12T13:48:49.254Z,true
581,CA,Canada,QC,Quebec,CA,2025-07-12 13:48:49.254+00,2025-07-25 02:02:05.038082+00,Uploaded from LERG file on 2025-07-12T13:48:49.254Z,true
582,US,United States,PA,Pennsylvania,US,2025-07-12 13:48:49.254+00,2025-07-25 02:02:05.038082+00,Uploaded from LERG file on 2025-07-12T13:48:49.254Z,true
584,CA,Canada,MB,Manitoba,CA,2025-07-12 13:48:49.254+00,2025-07-25 02:02:05.038082+00,Uploaded from LERG file on 2025-07-12T13:48:49.254Z,true
585,US,United States,NY,New York,US,2025-07-12 13:48:49.254+00,2025-07-25 02:02:05.038082+00,Uploaded from LERG file on 2025-07-12T13:48:49.254Z,true
586,US,United States,MI,Michigan,US,2025-07-12 13:48:49.254+00,2025-07-25 02:02:05.038082+00,Uploaded from LERG file on 2025-07-12T13:48:49.254Z,true
587,CA,Canada,AB,Alberta,CA,2025-07-12 13:48:49.254+00,2025-07-25 02:02:05.038082+00,Uploaded from LERG file on 2025-07-12T13:48:49.254Z,true
601,US,United States,MS,Mississippi,US,2025-07-12 13:48:49.254+00,2025-07-25 02:02:05.038082+00,Uploaded from LERG file on 2025-07-12T13:48:49.254Z,true
602,US,United States,AZ,Arizona,US,2025-07-12 13:48:49.254+00,2025-07-25 02:02:05.038082+00,Uploaded from LERG file on 2025-07-12T13:48:49.254Z,true
603,US,United States,NH,New Hampshire,US,2025-07-12 13:48:49.254+00,2025-07-25 02:02:05.038082+00,Uploaded from LERG file on 2025-07-12T13:48:49.254Z,true
604,CA,Canada,BC,British Columbia,CA,2025-07-12 13:48:49.254+00,2025-07-25 02:02:05.038082+00,Uploaded from LERG file on 2025-07-12T13:48:49.254Z,true
605,US,United States,SD,South Dakota,US,2025-07-12 13:48:49.254+00,2025-07-25 02:02:05.038082+00,Uploaded from LERG file on 2025-07-12T13:48:49.254Z,true
606,US,United States,KY,Kentucky,US,2025-07-12 13:48:49.254+00,2025-07-25 02:02:05.038082+00,Uploaded from LERG file on 2025-07-12T13:48:49.254Z,true
607,US,United States,NY,New York,US,2025-07-12 13:48:49.254+00,2025-07-25 02:02:05.038082+00,Uploaded from LERG file on 2025-07-12T13:48:49.254Z,true
608,US,United States,WI,Wisconsin,US,2025-07-12 13:48:49.254+00,2025-07-25 02:02:05.038082+00,Uploaded from LERG file on 2025-07-12T13:48:49.254Z,true
609,US,United States,NJ,New Jersey,US,2025-07-12 13:48:49.254+00,2025-07-25 02:02:05.038082+00,Uploaded from LERG file on 2025-07-12T13:48:49.254Z,true
610,US,United States,PA,Pennsylvania,US,2025-07-12 13:48:49.254+00,2025-07-25 02:02:05.038082+00,Uploaded from LERG file on 2025-07-12T13:48:49.254Z,true
612,US,United States,MN,Minnesota,US,2025-07-12 13:48:49.254+00,2025-07-25 02:02:05.038082+00,Uploaded from LERG file on 2025-07-12T13:48:49.254Z,true
613,CA,Canada,ON,Ontario,CA,2025-07-12 13:48:49.254+00,2025-07-25 02:02:05.038082+00,Uploaded from LERG file on 2025-07-12T13:48:49.254Z,true
614,US,United States,OH,Ohio,US,2025-07-12 13:48:49.254+00,2025-07-25 02:02:05.038082+00,Uploaded from LERG file on 2025-07-12T13:48:49.254Z,true
615,US,United States,TN,Tennessee,US,2025-07-12 13:48:49.254+00,2025-07-25 02:02:05.038082+00,Uploaded from LERG file on 2025-07-12T13:48:49.254Z,true
616,US,United States,MI,Michigan,US,2025-07-12 13:48:49.254+00,2025-07-25 02:02:05.038082+00,Uploaded from LERG file on 2025-07-12T13:48:49.254Z,true
617,US,United States,MA,Massachusetts,US,2025-07-12 13:48:49.254+00,2025-07-25 02:02:05.038082+00,Uploaded from LERG file on 2025-07-12T13:48:49.254Z,true
618,US,United States,IL,Illinois,US,2025-07-12 13:48:49.254+00,2025-07-25 02:02:05.038082+00,Uploaded from LERG file on 2025-07-12T13:48:49.254Z,true
619,US,United States,CA,California,US,2025-07-12 13:48:49.254+00,2025-07-25 02:02:05.038082+00,Uploaded from LERG file on 2025-07-12T13:48:49.254Z,true
620,US,United States,KS,Kansas,US,2025-07-12 13:48:49.254+00,2025-07-25 02:02:05.038082+00,Uploaded from LERG file on 2025-07-12T13:48:49.254Z,true
621,US,United States,TX,Texas,US,2025-07-12 13:48:49.254+00,2025-07-25 02:02:05.038082+00,Uploaded from LERG file on 2025-07-12T13:48:49.254Z,true
623,US,United States,AZ,Arizona,US,2025-07-12 13:48:49.254+00,2025-07-25 02:02:05.038082+00,Uploaded from LERG file on 2025-07-12T13:48:49.254Z,true
624,US,United States,NY,New York,US,2025-07-12 13:48:49.254+00,2025-07-25 02:02:05.038082+00,Uploaded from LERG file on 2025-07-12T13:48:49.254Z,true
626,US,United States,CA,California,US,2025-07-12 13:48:49.254+00,2025-07-25 02:02:05.038082+00,Uploaded from LERG file on 2025-07-12T13:48:49.254Z,true
628,US,United States,CA,California,US,2025-07-12 13:48:49.254+00,2025-07-25 02:02:05.038082+00,Uploaded from LERG file on 2025-07-12T13:48:49.254Z,true
629,US,United States,TN,Tennessee,US,2025-07-12 13:48:49.254+00,2025-07-25 02:02:05.038082+00,Uploaded from LERG file on 2025-07-12T13:48:49.254Z,true
630,US,United States,IL,Illinois,US,2025-07-12 13:48:49.254+00,2025-07-25 02:02:05.038082+00,Uploaded from LERG file on 2025-07-12T13:48:49.254Z,true
631,US,United States,NY,New York,US,2025-07-12 13:48:49.254+00,2025-07-25 02:02:05.038082+00,Uploaded from LERG file on 2025-07-12T13:48:49.254Z,true
636,US,United States,MO,Missouri,US,2025-07-12 13:48:49.254+00,2025-07-25 02:02:05.038082+00,Uploaded from LERG file on 2025-07-12T13:48:49.254Z,true
639,CA,Canada,SK,Saskatchewan,CA,2025-07-12 13:48:49.254+00,2025-07-25 02:02:05.038082+00,Uploaded from LERG file on 2025-07-12T13:48:49.254Z,true
640,US,United States,NJ,New Jersey,US,2025-07-12 13:48:49.254+00,2025-07-25 02:02:05.038082+00,Uploaded from LERG file on 2025-07-12T13:48:49.254Z,true
641,US,United States,IA,Iowa,US,2025-07-12 13:48:49.254+00,2025-07-25 02:02:05.038082+00,Uploaded from LERG file on 2025-07-12T13:48:49.254Z,true
645,US,United States,FL,Florida,US,2025-07-12 13:48:49.254+00,2025-07-25 02:02:05.038082+00,Uploaded from LERG file on 2025-07-12T13:48:49.254Z,true
646,US,United States,NY,New York,US,2025-07-12 13:48:49.254+00,2025-07-25 02:02:05.038082+00,Uploaded from LERG file on 2025-07-12T13:48:49.254Z,true
647,CA,Canada,ON,Ontario,CA,2025-07-12 13:48:49.254+00,2025-07-25 02:02:05.038082+00,Uploaded from LERG file on 2025-07-12T13:48:49.254Z,true
649,TC,Turks and Caicos Islands,TC,Turks and Caicos,Caribbean,2025-07-12 13:48:49.254+00,2025-07-25 02:09:43.654913+00,Uploaded from LERG file on 2025-07-12T13:48:49.254Z,true
650,US,United States,CA,California,US,2025-07-12 13:48:49.254+00,2025-07-25 02:02:05.038082+00,Uploaded from LERG file on 2025-07-12T13:48:49.254Z,true
651,US,United States,MN,Minnesota,US,2025-07-12 13:48:49.254+00,2025-07-25 02:02:05.038082+00,Uploaded from LERG file on 2025-07-12T13:48:49.254Z,true
656,US,United States,FL,Florida,US,2025-07-12 13:48:49.254+00,2025-07-25 02:02:05.038082+00,Uploaded from LERG file on 2025-07-12T13:48:49.254Z,true
657,US,United States,CA,California,US,2025-07-12 13:48:49.254+00,2025-07-25 02:02:05.038082+00,Uploaded from LERG file on 2025-07-12T13:48:49.254Z,true
658,JM,Jamaica,JM,Jamaica,Caribbean,2025-06-28 23:26:21.081586+00,2025-07-25 02:02:05.038082+00,Cleared via admin interface,true
659,US,United States,AL,Alabama,US,2025-07-12 13:48:49.254+00,2025-07-25 02:02:05.038082+00,Uploaded from LERG file on 2025-07-12T13:48:49.254Z,true
660,US,United States,MO,Missouri,US,2025-07-12 13:48:49.254+00,2025-07-25 02:02:05.038082+00,Uploaded from LERG file on 2025-07-12T13:48:49.254Z,true
661,US,United States,CA,California,US,2025-07-12 13:48:49.254+00,2025-07-25 02:02:05.038082+00,Uploaded from LERG file on 2025-07-12T13:48:49.254Z,true
662,US,United States,MS,Mississippi,US,2025-07-12 13:48:49.254+00,2025-07-25 02:02:05.038082+00,Uploaded from LERG file on 2025-07-12T13:48:49.254Z,true
664,MS,Montserrat,MS,Montserrat,Caribbean,2025-07-12 13:48:49.254+00,2025-07-25 02:09:30.256935+00,Uploaded from LERG file on 2025-07-12T13:48:49.254Z,true
667,US,United States,MD,Maryland,US,2025-07-12 13:48:49.254+00,2025-07-25 02:02:05.038082+00,Uploaded from LERG file on 2025-07-12T13:48:49.254Z,true
669,US,United States,CA,California,US,2025-07-12 13:48:49.254+00,2025-07-25 02:02:05.038082+00,Uploaded from LERG file on 2025-07-12T13:48:49.254Z,true
670,US,United States,NN,Northern Mariana Islands,Pacific,2025-07-12 13:48:49.254+00,2025-07-25 02:10:14.108745+00,Uploaded from LERG file on 2025-07-12T13:48:49.254Z - Updated to Pacific category via admin fix,true
671,US,United States,GU,Guam,US,2025-07-12 13:48:49.254+00,2025-07-25 02:02:05.038082+00,Uploaded from LERG file on 2025-07-12T13:48:49.254Z - Updated to Pacific category via admin fix,true
672,CA,Canada,BC,British Columbia,CA,2025-07-12 13:48:49.254+00,2025-07-25 02:02:05.038082+00,Uploaded from LERG file on 2025-07-12T13:48:49.254Z,true
678,US,United States,GA,Georgia,US,2025-07-12 13:48:49.254+00,2025-07-25 02:02:05.038082+00,Uploaded from LERG file on 2025-07-12T13:48:49.254Z,true
680,US,United States,NY,New York,US,2025-07-12 13:48:49.254+00,2025-07-25 02:02:05.038082+00,Uploaded from LERG file on 2025-07-12T13:48:49.254Z,true
681,US,United States,WV,West Virginia,US,2025-07-12 13:48:49.254+00,2025-07-25 02:02:05.038082+00,Uploaded from LERG file on 2025-07-12T13:48:49.254Z,true
682,US,United States,TX,Texas,US,2025-07-12 13:48:49.254+00,2025-07-25 02:02:05.038082+00,Uploaded from LERG file on 2025-07-12T13:48:49.254Z,true
683,CA,Canada,ON,Ontario,CA,2025-07-12 13:48:49.254+00,2025-07-25 02:02:05.038082+00,Uploaded from LERG file on 2025-07-12T13:48:49.254Z,true
684,US,United States,AS,American Samoa,Pacific,2025-07-12 13:48:49.254+00,2025-07-25 02:09:55.689302+00,Uploaded from LERG file on 2025-07-12T13:48:49.254Z - Updated to Pacific category via admin fix,true
686,US,United States,VA,Virginia,US,2025-07-12 13:48:49.254+00,2025-07-25 02:02:05.038082+00,Uploaded from LERG file on 2025-07-12T13:48:49.254Z,true
689,US,United States,FL,Florida,US,2025-07-12 13:48:49.254+00,2025-07-25 02:02:05.038082+00,Uploaded from LERG file on 2025-07-12T13:48:49.254Z,true
701,US,United States,ND,North Dakota,US,2025-07-12 13:48:49.254+00,2025-07-25 02:02:05.038082+00,Uploaded from LERG file on 2025-07-12T13:48:49.254Z,true
702,US,United States,NV,Nevada,US,2025-07-12 13:48:49.254+00,2025-07-25 02:02:05.038082+00,Uploaded from LERG file on 2025-07-12T13:48:49.254Z,true
703,US,United States,VA,Virginia,US,2025-07-12 13:48:49.254+00,2025-07-25 02:02:05.038082+00,Uploaded from LERG file on 2025-07-12T13:48:49.254Z,true
704,US,United States,NC,North Carolina,US,2025-07-12 13:48:49.254+00,2025-07-25 02:02:05.038082+00,Uploaded from LERG file on 2025-07-12T13:48:49.254Z,true
705,CA,Canada,ON,Ontario,CA,2025-07-12 13:48:49.254+00,2025-07-25 02:02:05.038082+00,Uploaded from LERG file on 2025-07-12T13:48:49.254Z,true
706,US,United States,GA,Georgia,US,2025-07-12 13:48:49.254+00,2025-07-25 02:02:05.038082+00,Uploaded from LERG file on 2025-07-12T13:48:49.254Z,true
707,US,United States,CA,California,US,2025-07-12 13:48:49.254+00,2025-07-25 02:02:05.038082+00,Uploaded from LERG file on 2025-07-12T13:48:49.254Z,true
708,US,United States,IL,Illinois,US,2025-07-12 13:48:49.254+00,2025-07-25 02:02:05.038082+00,Uploaded from LERG file on 2025-07-12T13:48:49.254Z,true
709,CA,Canada,NL,Newfoundland and Labrador,CA,2025-07-12 13:48:49.254+00,2025-07-25 02:02:05.038082+00,Uploaded from LERG file on 2025-07-12T13:48:49.254Z,true
712,US,United States,IA,Iowa,US,2025-07-12 13:48:49.254+00,2025-07-25 02:02:05.038082+00,Uploaded from LERG file on 2025-07-12T13:48:49.254Z,true
713,US,United States,TX,Texas,US,2025-07-12 13:48:49.254+00,2025-07-25 02:02:05.038082+00,Uploaded from LERG file on 2025-07-12T13:48:49.254Z,true
714,US,United States,CA,California,US,2025-07-12 13:48:49.254+00,2025-07-25 02:02:05.038082+00,Uploaded from LERG file on 2025-07-12T13:48:49.254Z,true
715,US,United States,WI,Wisconsin,US,2025-07-12 13:48:49.254+00,2025-07-25 02:02:05.038082+00,Uploaded from LERG file on 2025-07-12T13:48:49.254Z,true
716,US,United States,NY,New York,US,2025-07-12 13:48:49.254+00,2025-07-25 02:02:05.038082+00,Uploaded from LERG file on 2025-07-12T13:48:49.254Z,true
717,US,United States,PA,Pennsylvania,US,2025-07-12 13:48:49.254+00,2025-07-25 02:02:05.038082+00,Uploaded from LERG file on 2025-07-12T13:48:49.254Z,true
718,US,United States,NY,New York,US,2025-07-12 13:48:49.254+00,2025-07-25 02:02:05.038082+00,Uploaded from LERG file on 2025-07-12T13:48:49.254Z,true
719,US,United States,CO,Colorado,US,2025-07-12 13:48:49.254+00,2025-07-25 02:02:05.038082+00,Uploaded from LERG file on 2025-07-12T13:48:49.254Z,true
720,US,United States,CO,Colorado,US,2025-07-12 13:48:49.254+00,2025-07-25 02:02:05.038082+00,Uploaded from LERG file on 2025-07-12T13:48:49.254Z,true
721,SX,Saint Maarten,SX,St Maarten,Caribbean,2025-06-28 23:26:21.081586+00,2025-07-25 02:09:38.910723+00,Cleared via admin interface,true
724,US,United States,PA,Pennsylvania,US,2025-07-12 13:48:49.254+00,2025-07-25 02:02:05.038082+00,Uploaded from LERG file on 2025-07-12T13:48:49.254Z,true
725,US,United States,NV,Nevada,US,2025-07-12 13:48:49.254+00,2025-07-25 02:02:05.038082+00,Uploaded from LERG file on 2025-07-12T13:48:49.254Z,true
726,US,United States,TX,Texas,US,2025-07-12 13:48:49.254+00,2025-07-25 02:02:05.038082+00,Uploaded from LERG file on 2025-07-12T13:48:49.254Z,true
727,US,United States,FL,Florida,US,2025-07-12 13:48:49.254+00,2025-07-25 02:02:05.038082+00,Uploaded from LERG file on 2025-07-12T13:48:49.254Z,true
728,US,United States,FL,Florida,US,2025-07-12 13:48:49.254+00,2025-07-25 02:02:05.038082+00,Uploaded from LERG file on 2025-07-12T13:48:49.254Z,true
729,US,United States,TN,Tennessee,US,2025-07-12 13:48:49.254+00,2025-07-25 02:02:05.038082+00,Uploaded from LERG file on 2025-07-12T13:48:49.254Z,true
730,US,United States,IL,Illinois,US,2025-07-12 13:48:49.254+00,2025-07-25 02:02:05.038082+00,Uploaded from LERG file on 2025-07-12T13:48:49.254Z,true
731,US,United States,TN,Tennessee,US,2025-07-12 13:48:49.254+00,2025-07-25 02:02:05.038082+00,Uploaded from LERG file on 2025-07-12T13:48:49.254Z,true
732,US,United States,NJ,New Jersey,US,2025-07-12 13:48:49.254+00,2025-07-25 02:02:05.038082+00,Uploaded from LERG file on 2025-07-12T13:48:49.254Z,true
734,US,United States,MI,Michigan,US,2025-07-12 13:48:49.254+00,2025-07-25 02:02:05.038082+00,Uploaded from LERG file on 2025-07-12T13:48:49.254Z,true
737,US,United States,TX,Texas,US,2025-07-12 13:48:49.254+00,2025-07-25 02:02:05.038082+00,Uploaded from LERG file on 2025-07-12T13:48:49.254Z,true
738,US,United States,CA,California,US,2025-07-12 13:48:49.254+00,2025-07-25 02:02:05.038082+00,Uploaded from LERG file on 2025-07-12T13:48:49.254Z,true
740,US,United States,OH,Ohio,US,2025-07-12 13:48:49.254+00,2025-07-25 02:02:05.038082+00,Uploaded from LERG file on 2025-07-12T13:48:49.254Z,true
742,CA,Canada,ON,Ontario,CA,2025-07-12 13:48:49.254+00,2025-07-25 02:02:05.038082+00,Uploaded from LERG file on 2025-07-12T13:48:49.254Z,true
743,US,United States,NC,North Carolina,US,2025-07-12 13:48:49.254+00,2025-07-25 02:02:05.038082+00,Uploaded from LERG file on 2025-07-12T13:48:49.254Z,true
747,US,United States,CA,California,US,2025-07-12 13:48:49.254+00,2025-07-25 02:02:05.038082+00,Uploaded from LERG file on 2025-07-12T13:48:49.254Z,true
748,US,United States,CO,Colorado,US,2025-07-12 13:48:49.254+00,2025-07-25 02:02:05.038082+00,Uploaded from LERG file on 2025-07-12T13:48:49.254Z,true
753,CA,Canada,ON,Ontario,CA,2025-07-12 13:48:49.254+00,2025-07-25 02:02:05.038082+00,Uploaded from LERG file on 2025-07-12T13:48:49.254Z,true
754,US,United States,FL,Florida,US,2025-07-12 13:48:49.254+00,2025-07-25 02:02:05.038082+00,Uploaded from LERG file on 2025-07-12T13:48:49.254Z,true
757,US,United States,VA,Virginia,US,2025-07-12 13:48:49.254+00,2025-07-25 02:02:05.038082+00,Uploaded from LERG file on 2025-07-12T13:48:49.254Z,true
758,LC,Saint Lucia,LC,St Lucia,Caribbean,2025-07-12 13:48:49.254+00,2025-07-25 02:02:05.038082+00,Uploaded from LERG file on 2025-07-12T13:48:49.254Z,true
760,US,United States,CA,California,US,2025-07-12 13:48:49.254+00,2025-07-25 02:02:05.038082+00,Uploaded from LERG file on 2025-07-12T13:48:49.254Z,true
762,US,United States,GA,Georgia,US,2025-07-12 13:48:49.254+00,2025-07-25 02:02:05.038082+00,Uploaded from LERG file on 2025-07-12T13:48:49.254Z,true
763,US,United States,MN,Minnesota,US,2025-07-12 13:48:49.254+00,2025-07-25 02:02:05.038082+00,Uploaded from LERG file on 2025-07-12T13:48:49.254Z,true
765,US,United States,IN,Indiana,US,2025-07-12 13:48:49.254+00,2025-07-25 02:02:05.038082+00,Uploaded from LERG file on 2025-07-12T13:48:49.254Z,true
767,DM,Dominica,DM,Dominica,Caribbean,2025-07-12 13:48:49.254+00,2025-07-25 02:02:05.038082+00,Uploaded from LERG file on 2025-07-12T13:48:49.254Z,true
769,US,United States,MS,Mississippi,US,2025-07-12 13:48:49.254+00,2025-07-25 02:02:05.038082+00,Uploaded from LERG file on 2025-07-12T13:48:49.254Z,true
770,US,United States,GA,Georgia,US,2025-07-12 13:48:49.254+00,2025-07-25 02:02:05.038082+00,Uploaded from LERG file on 2025-07-12T13:48:49.254Z,true
771,US,United States,DC,District of Columbia,US,2025-07-12 13:48:49.254+00,2025-07-25 02:02:05.038082+00,Uploaded from LERG file on 2025-07-12T13:48:49.254Z,true
772,US,United States,FL,Florida,US,2025-07-12 13:48:49.254+00,2025-07-25 02:02:05.038082+00,Uploaded from LERG file on 2025-07-12T13:48:49.254Z,true
773,US,United States,IL,Illinois,US,2025-07-12 13:48:49.254+00,2025-07-25 02:02:05.038082+00,Uploaded from LERG file on 2025-07-12T13:48:49.254Z,true
774,US,United States,MA,Massachusetts,US,2025-07-12 13:48:49.254+00,2025-07-25 02:02:05.038082+00,Uploaded from LERG file on 2025-07-12T13:48:49.254Z,true
775,US,United States,NV,Nevada,US,2025-07-12 13:48:49.254+00,2025-07-25 02:02:05.038082+00,Uploaded from LERG file on 2025-07-12T13:48:49.254Z,true
778,CA,Canada,BC,British Columbia,CA,2025-07-12 13:48:49.254+00,2025-07-25 02:02:05.038082+00,Uploaded from LERG file on 2025-07-12T13:48:49.254Z,true
779,US,United States,IL,Illinois,US,2025-07-12 13:48:49.254+00,2025-07-25 02:02:05.038082+00,Uploaded from LERG file on 2025-07-12T13:48:49.254Z,true
780,CA,Canada,AB,Alberta,CA,2025-07-12 13:48:49.254+00,2025-07-25 02:02:05.038082+00,Uploaded from LERG file on 2025-07-12T13:48:49.254Z,true
781,US,United States,MA,Massachusetts,US,2025-07-12 13:48:49.254+00,2025-07-25 02:02:05.038082+00,Uploaded from LERG file on 2025-07-12T13:48:49.254Z,true
782,CA,Canada,NS,Nova Scotia,CA,2025-07-12 13:48:49.254+00,2025-07-25 02:02:05.038082+00,Uploaded from LERG file on 2025-07-12T13:48:49.254Z,true
784,VC,Saint Vincent and the Grenadines,VC,St Vincent and Grenadines,Caribbean,2025-07-12 13:48:49.254+00,2025-07-25 02:02:05.038082+00,Uploaded from LERG file on 2025-07-12T13:48:49.254Z,true
785,US,United States,KS,Kansas,US,2025-07-12 13:48:49.254+00,2025-07-25 02:02:05.038082+00,Uploaded from LERG file on 2025-07-12T13:48:49.254Z,true
786,US,United States,FL,Florida,US,2025-07-12 13:48:49.254+00,2025-07-25 02:02:05.038082+00,Uploaded from LERG file on 2025-07-12T13:48:49.254Z,true
787,US,United States,PR,PR,US,2025-07-12 13:48:49.254+00,2025-07-25 02:02:05.038082+00,Uploaded from LERG file on 2025-07-12T13:48:49.254Z,true
801,US,United States,UT,Utah,US,2025-07-12 13:48:49.254+00,2025-07-25 02:02:05.038082+00,Uploaded from LERG file on 2025-07-12T13:48:49.254Z,true
802,US,United States,VT,Vermont,US,2025-07-12 13:48:49.254+00,2025-07-25 02:02:05.038082+00,Uploaded from LERG file on 2025-07-12T13:48:49.254Z,true
803,US,United States,SC,South Carolina,US,2025-07-12 13:48:49.254+00,2025-07-25 02:02:05.038082+00,Uploaded from LERG file on 2025-07-12T13:48:49.254Z,true
804,US,United States,VA,Virginia,US,2025-07-12 13:48:49.254+00,2025-07-25 02:02:05.038082+00,Uploaded from LERG file on 2025-07-12T13:48:49.254Z,true
805,US,United States,CA,California,US,2025-07-12 13:48:49.254+00,2025-07-25 02:02:05.038082+00,Uploaded from LERG file on 2025-07-12T13:48:49.254Z,true
806,US,United States,TX,Texas,US,2025-07-12 13:48:49.254+00,2025-07-25 02:02:05.038082+00,Uploaded from LERG file on 2025-07-12T13:48:49.254Z,true
807,CA,Canada,ON,Ontario,CA,2025-07-12 13:48:49.254+00,2025-07-25 02:02:05.038082+00,Uploaded from LERG file on 2025-07-12T13:48:49.254Z,true
808,US,United States,HI,Hawaii,US,2025-07-12 13:48:49.254+00,2025-07-25 02:02:05.038082+00,Uploaded from LERG file on 2025-07-12T13:48:49.254Z,true
809,DO,Dominican Republic,DR,Dominican Republic,Caribbean,2025-07-12 13:48:49.254+00,2025-07-25 02:02:05.038082+00,Uploaded from LERG file on 2025-07-12T13:48:49.254Z,true
810,US,United States,MI,Michigan,US,2025-07-12 13:48:49.254+00,2025-07-25 02:02:05.038082+00,Uploaded from LERG file on 2025-07-12T13:48:49.254Z,true
812,US,United States,IN,Indiana,US,2025-07-12 13:48:49.254+00,2025-07-25 02:02:05.038082+00,Uploaded from LERG file on 2025-07-12T13:48:49.254Z,true
813,US,United States,FL,Florida,US,2025-07-12 13:48:49.254+00,2025-07-25 02:02:05.038082+00,Uploaded from LERG file on 2025-07-12T13:48:49.254Z,true
814,US,United States,PA,Pennsylvania,US,2025-07-12 13:48:49.254+00,2025-07-25 02:02:05.038082+00,Uploaded from LERG file on 2025-07-12T13:48:49.254Z,true
815,US,United States,IL,Illinois,US,2025-07-12 13:48:49.254+00,2025-07-25 02:02:05.038082+00,Uploaded from LERG file on 2025-07-12T13:48:49.254Z,true
816,US,United States,MO,Missouri,US,2025-07-12 13:48:49.254+00,2025-07-25 02:02:05.038082+00,Uploaded from LERG file on 2025-07-12T13:48:49.254Z,true
817,US,United States,TX,Texas,US,2025-07-12 13:48:49.254+00,2025-07-25 02:02:05.038082+00,Uploaded from LERG file on 2025-07-12T13:48:49.254Z,true
818,US,United States,CA,California,US,2025-07-12 13:48:49.254+00,2025-07-25 02:02:05.038082+00,Uploaded from LERG file on 2025-07-12T13:48:49.254Z,true
819,CA,Canada,QC,Quebec,CA,2025-07-12 13:48:49.254+00,2025-07-25 02:02:05.038082+00,Uploaded from LERG file on 2025-07-12T13:48:49.254Z,true
820,US,United States,CA,California,US,2025-07-12 13:48:49.254+00,2025-07-25 02:02:05.038082+00,Uploaded from LERG file on 2025-07-12T13:48:49.254Z,true
821,US,United States,SC,South Carolina,US,2025-07-12 13:48:49.254+00,2025-07-25 02:02:05.038082+00,Uploaded from LERG file on 2025-07-12T13:48:49.254Z,true
825,CA,Canada,AB,Alberta,CA,2025-07-12 13:48:49.254+00,2025-07-25 02:02:05.038082+00,Uploaded from LERG file on 2025-07-12T13:48:49.254Z,true
826,US,United States,VA,Virginia,US,2025-07-12 13:48:49.254+00,2025-07-25 02:02:05.038082+00,Uploaded from LERG file on 2025-07-12T13:48:49.254Z,true
828,US,United States,NC,North Carolina,US,2025-07-12 13:48:49.254+00,2025-07-25 02:02:05.038082+00,Uploaded from LERG file on 2025-07-12T13:48:49.254Z,true
829,DO,Dominican Republic,DO,Dominican Republic,Caribbean,2025-06-28 23:26:21.081586+00,2025-07-25 02:02:05.038082+00,Cleared via admin interface,true
830,US,United States,TX,Texas,US,2025-07-12 13:48:49.254+00,2025-07-25 02:02:05.038082+00,Uploaded from LERG file on 2025-07-12T13:48:49.254Z,true
831,US,United States,CA,California,US,2025-07-12 13:48:49.254+00,2025-07-25 02:02:05.038082+00,Uploaded from LERG file on 2025-07-12T13:48:49.254Z,true
832,US,United States,TX,Texas,US,2025-07-12 13:48:49.254+00,2025-07-25 02:02:05.038082+00,Uploaded from LERG file on 2025-07-12T13:48:49.254Z,true
835,US,United States,PA,Pennsylvania,US,2025-07-12 13:48:49.254+00,2025-07-25 02:02:05.038082+00,Uploaded from LERG file on 2025-07-12T13:48:49.254Z,true
837,US,United States,CA,California,US,2025-07-12 13:48:49.254+00,2025-07-25 02:02:05.038082+00,Uploaded from LERG file on 2025-07-12T13:48:49.254Z,true
838,US,United States,NY,New York,US,2025-07-12 13:48:49.254+00,2025-07-25 02:02:05.038082+00,Uploaded from LERG file on 2025-07-12T13:48:49.254Z,true
839,US,United States,SC,South Carolina,US,2025-07-12 13:48:49.254+00,2025-07-25 02:02:05.038082+00,Uploaded from LERG file on 2025-07-12T13:48:49.254Z,true
840,US,United States,CA,California,US,2025-07-12 13:48:49.254+00,2025-07-25 02:02:05.038082+00,Uploaded from LERG file on 2025-07-12T13:48:49.254Z,true
843,US,United States,SC,South Carolina,US,2025-07-12 13:48:49.254+00,2025-07-25 02:02:05.038082+00,Uploaded from LERG file on 2025-07-12T13:48:49.254Z,true
845,US,United States,NY,New York,US,2025-07-12 13:48:49.254+00,2025-07-25 02:02:05.038082+00,Uploaded from LERG file on 2025-07-12T13:48:49.254Z,true
847,US,United States,IL,Illinois,US,2025-07-12 13:48:49.254+00,2025-07-25 02:02:05.038082+00,Uploaded from LERG file on 2025-07-12T13:48:49.254Z,true
848,US,United States,NJ,New Jersey,US,2025-07-12 13:48:49.254+00,2025-07-25 02:02:05.038082+00,Uploaded from LERG file on 2025-07-12T13:48:49.254Z,true
849,DO,Dominican Republic,DO,Dominican Republic,Caribbean,2025-06-28 23:26:21.081586+00,2025-07-25 02:02:05.038082+00,Cleared via admin interface,true
850,US,United States,FL,Florida,US,2025-07-12 13:48:49.254+00,2025-07-25 02:02:05.038082+00,Uploaded from LERG file on 2025-07-12T13:48:49.254Z,true
854,US,United States,SC,South Carolina,US,2025-07-12 13:48:49.254+00,2025-07-25 02:02:05.038082+00,Uploaded from LERG file on 2025-07-12T13:48:49.254Z,true
856,US,United States,NJ,New Jersey,US,2025-07-12 13:48:49.254+00,2025-07-25 02:02:05.038082+00,Uploaded from LERG file on 2025-07-12T13:48:49.254Z,true
857,US,United States,MA,Massachusetts,US,2025-07-12 13:48:49.254+00,2025-07-25 02:02:05.038082+00,Uploaded from LERG file on 2025-07-12T13:48:49.254Z,true
858,US,United States,CA,California,US,2025-07-12 13:48:49.254+00,2025-07-25 02:02:05.038082+00,Uploaded from LERG file on 2025-07-12T13:48:49.254Z,true
859,US,United States,KY,Kentucky,US,2025-07-12 13:48:49.254+00,2025-07-25 02:02:05.038082+00,Uploaded from LERG file on 2025-07-12T13:48:49.254Z,true
860,US,United States,CT,Connecticut,US,2025-07-12 13:48:49.254+00,2025-07-25 02:02:05.038082+00,Uploaded from LERG file on 2025-07-12T13:48:49.254Z,true
861,US,United States,IL,Illinois,US,2025-07-12 13:48:49.254+00,2025-07-25 02:02:05.038082+00,Uploaded from LERG file on 2025-07-12T13:48:49.254Z,true
862,US,United States,NJ,New Jersey,US,2025-07-12 13:48:49.254+00,2025-07-25 02:02:05.038082+00,Uploaded from LERG file on 2025-07-12T13:48:49.254Z,true
863,US,United States,FL,Florida,US,2025-07-12 13:48:49.254+00,2025-07-25 02:02:05.038082+00,Uploaded from LERG file on 2025-07-12T13:48:49.254Z,true
864,US,United States,SC,South Carolina,US,2025-07-12 13:48:49.254+00,2025-07-25 02:02:05.038082+00,Uploaded from LERG file on 2025-07-12T13:48:49.254Z,true
865,US,United States,TN,Tennessee,US,2025-07-12 13:48:49.254+00,2025-07-25 02:02:05.038082+00,Uploaded from LERG file on 2025-07-12T13:48:49.254Z,true
867,CA,Canada,NT,Northwest Territories,CA,2025-07-12 13:48:49.254+00,2025-07-25 02:02:05.038082+00,Uploaded from LERG file on 2025-07-12T13:48:49.254Z,true
868,TT,Trinidad and Tobago,TT,Trinidad and Taboago,Caribbean,2025-07-12 13:48:49.254+00,2025-07-25 02:02:05.038082+00,Uploaded from LERG file on 2025-07-12T13:48:49.254Z,true
869,KN,Saint Kitts and Nevis,KN,St Kitts and Nevis,Caribbean,2025-07-12 13:48:49.254+00,2025-07-25 02:02:05.038082+00,Uploaded from LERG file on 2025-07-12T13:48:49.254Z,true
870,US,United States,AR,Arkansas,US,2025-07-12 13:48:49.254+00,2025-07-25 02:02:05.038082+00,Uploaded from LERG file on 2025-07-12T13:48:49.254Z,true
872,US,United States,IL,Illinois,US,2025-07-12 13:48:49.254+00,2025-07-25 02:02:05.038082+00,Uploaded from LERG file on 2025-07-12T13:48:49.254Z,true
873,CA,Canada,QC,Quebec,CA,2025-07-12 13:48:49.254+00,2025-07-25 02:02:05.038082+00,Uploaded from LERG file on 2025-07-12T13:48:49.254Z,true
876,JM,Jamaica,JM,Jamaica,Caribbean,2025-07-12 13:48:49.254+00,2025-07-25 02:02:05.038082+00,Uploaded from LERG file on 2025-07-12T13:48:49.254Z,true
878,US,United States,PA,Pennsylvania,US,2025-07-12 13:48:49.254+00,2025-07-25 02:02:05.038082+00,Uploaded from LERG file on 2025-07-12T13:48:49.254Z,true
879,CA,Canada,NL,Newfoundland and Labrador,CA,2025-07-12 13:48:49.254+00,2025-07-25 02:02:05.038082+00,Uploaded from LERG file on 2025-07-12T13:48:49.254Z,true
901,US,United States,TN,Tennessee,US,2025-07-12 13:48:49.254+00,2025-07-25 02:02:05.038082+00,Uploaded from LERG file on 2025-07-12T13:48:49.254Z,true
902,CA,Canada,PE,Prince Edward Island,CA,2025-07-12 13:48:49.254+00,2025-07-25 02:02:05.038082+00,Uploaded from LERG file on 2025-07-12T13:48:49.254Z,true
903,US,United States,TX,Texas,US,2025-07-12 13:48:49.254+00,2025-07-25 02:02:05.038082+00,Uploaded from LERG file on 2025-07-12T13:48:49.254Z,true
904,US,United States,FL,Florida,US,2025-07-12 13:48:49.254+00,2025-07-25 02:02:05.038082+00,Uploaded from LERG file on 2025-07-12T13:48:49.254Z,true
905,CA,Canada,ON,Ontario,CA,2025-07-12 13:48:49.254+00,2025-07-25 02:02:05.038082+00,Uploaded from LERG file on 2025-07-12T13:48:49.254Z,true
906,US,United States,MI,Michigan,US,2025-07-12 13:48:49.254+00,2025-07-25 02:02:05.038082+00,Uploaded from LERG file on 2025-07-12T13:48:49.254Z,true
907,US,United States,AK,Alaska,US,2025-07-12 13:48:49.254+00,2025-07-25 02:02:05.038082+00,Uploaded from LERG file on 2025-07-12T13:48:49.254Z,true
908,US,United States,NJ,New Jersey,US,2025-07-12 13:48:49.254+00,2025-07-25 02:02:05.038082+00,Uploaded from LERG file on 2025-07-12T13:48:49.254Z,true
909,US,United States,CA,California,US,2025-07-12 13:48:49.254+00,2025-07-25 02:02:05.038082+00,Uploaded from LERG file on 2025-07-12T13:48:49.254Z,true
910,US,United States,NC,North Carolina,US,2025-07-12 13:48:49.254+00,2025-07-25 02:02:05.038082+00,Uploaded from LERG file on 2025-07-12T13:48:49.254Z,true
912,US,United States,GA,Georgia,US,2025-07-12 13:48:49.254+00,2025-07-25 02:02:05.038082+00,Uploaded from LERG file on 2025-07-12T13:48:49.254Z,true
913,US,United States,KS,Kansas,US,2025-07-12 13:48:49.254+00,2025-07-25 02:02:05.038082+00,Uploaded from LERG file on 2025-07-12T13:48:49.254Z,true
914,US,United States,NY,New York,US,2025-07-12 13:48:49.254+00,2025-07-25 02:02:05.038082+00,Uploaded from LERG file on 2025-07-12T13:48:49.254Z,true
915,US,United States,TX,Texas,US,2025-07-12 13:48:49.254+00,2025-07-25 02:02:05.038082+00,Uploaded from LERG file on 2025-07-12T13:48:49.254Z,true
916,US,United States,CA,California,US,2025-07-12 13:48:49.254+00,2025-07-25 02:02:05.038082+00,Uploaded from LERG file on 2025-07-12T13:48:49.254Z,true
917,US,United States,NY,New York,US,2025-07-12 13:48:49.254+00,2025-07-25 02:02:05.038082+00,Uploaded from LERG file on 2025-07-12T13:48:49.254Z,true
918,US,United States,OK,Oklahoma,US,2025-07-12 13:48:49.254+00,2025-07-25 02:02:05.038082+00,Uploaded from LERG file on 2025-07-12T13:48:49.254Z,true
919,US,United States,NC,North Carolina,US,2025-07-12 13:48:49.254+00,2025-07-25 02:02:05.038082+00,Uploaded from LERG file on 2025-07-12T13:48:49.254Z,true
920,US,United States,WI,Wisconsin,US,2025-07-12 13:48:49.254+00,2025-07-25 02:02:05.038082+00,Uploaded from LERG file on 2025-07-12T13:48:49.254Z,true
924,US,United States,MN,Minnesota,US,2025-07-12 13:48:49.254+00,2025-07-25 02:02:05.038082+00,Uploaded from LERG file on 2025-07-12T13:48:49.254Z,true
925,US,United States,CA,California,US,2025-07-12 13:48:49.254+00,2025-07-25 02:02:05.038082+00,Uploaded from LERG file on 2025-07-12T13:48:49.254Z,true
928,US,United States,AZ,Arizona,US,2025-07-12 13:48:49.254+00,2025-07-25 02:02:05.038082+00,Uploaded from LERG file on 2025-07-12T13:48:49.254Z,true
929,US,United States,NY,New York,US,2025-07-12 13:48:49.254+00,2025-07-25 02:02:05.038082+00,Uploaded from LERG file on 2025-07-12T13:48:49.254Z,true
930,US,United States,IN,Indiana,US,2025-07-12 13:48:49.254+00,2025-07-25 02:02:05.038082+00,Uploaded from LERG file on 2025-07-12T13:48:49.254Z,true
931,US,United States,TN,Tennessee,US,2025-07-12 13:48:49.254+00,2025-07-25 02:02:05.038082+00,Uploaded from LERG file on 2025-07-12T13:48:49.254Z,true
934,US,United States,NY,New York,US,2025-07-12 13:48:49.254+00,2025-07-25 02:02:05.038082+00,Uploaded from LERG file on 2025-07-12T13:48:49.254Z,true
936,US,United States,TX,Texas,US,2025-07-12 13:48:49.254+00,2025-07-25 02:02:05.038082+00,Uploaded from LERG file on 2025-07-12T13:48:49.254Z,true
937,US,United States,OH,Ohio,US,2025-07-12 13:48:49.254+00,2025-07-25 02:02:05.038082+00,Uploaded from LERG file on 2025-07-12T13:48:49.254Z,true
938,US,United States,AL,Alabama,US,2025-07-12 13:48:49.254+00,2025-07-25 02:02:05.038082+00,Uploaded from LERG file on 2025-07-12T13:48:49.254Z,true
939,US,United States,PR,PR,US,2025-07-12 13:48:49.254+00,2025-07-25 02:02:05.038082+00,Uploaded from LERG file on 2025-07-12T13:48:49.254Z,true
940,US,United States,TX,Texas,US,2025-07-12 13:48:49.254+00,2025-07-25 02:02:05.038082+00,Uploaded from LERG file on 2025-07-12T13:48:49.254Z,true
941,US,United States,FL,Florida,US,2025-07-12 13:48:49.254+00,2025-07-25 02:02:05.038082+00,Uploaded from LERG file on 2025-07-12T13:48:49.254Z,true
942,CA,Canada,ON,Ontario,CA,2025-07-12 13:48:49.254+00,2025-07-25 02:02:05.038082+00,Uploaded from LERG file on 2025-07-12T13:48:49.254Z,true
943,US,United States,GA,Georgia,US,2025-07-12 13:48:49.254+00,2025-07-25 02:02:05.038082+00,Uploaded from LERG file on 2025-07-12T13:48:49.254Z,true
945,US,United States,TX,Texas,US,2025-07-12 13:48:49.254+00,2025-07-25 02:02:05.038082+00,Uploaded from LERG file on 2025-07-12T13:48:49.254Z,true
947,US,United States,MI,Michigan,US,2025-07-12 13:48:49.254+00,2025-07-25 02:02:05.038082+00,Uploaded from LERG file on 2025-07-12T13:48:49.254Z,true
948,US,United States,VA,Virginia,US,2025-07-12 13:48:49.254+00,2025-07-25 02:02:05.038082+00,Uploaded from LERG file on 2025-07-12T13:48:49.254Z,true
949,US,United States,CA,California,US,2025-07-12 13:48:49.254+00,2025-07-25 02:02:05.038082+00,Uploaded from LERG file on 2025-07-12T13:48:49.254Z,true
951,US,United States,CA,California,US,2025-07-12 13:48:49.254+00,2025-07-25 02:02:05.038082+00,Uploaded from LERG file on 2025-07-12T13:48:49.254Z,true
952,US,United States,MN,Minnesota,US,2025-07-12 13:48:49.254+00,2025-07-25 02:02:05.038082+00,Uploaded from LERG file on 2025-07-12T13:48:49.254Z,true
954,US,United States,FL,Florida,US,2025-07-12 13:48:49.254+00,2025-07-25 02:02:05.038082+00,Uploaded from LERG file on 2025-07-12T13:48:49.254Z,true
956,US,United States,TX,Texas,US,2025-07-12 13:48:49.254+00,2025-07-25 02:02:05.038082+00,Uploaded from LERG file on 2025-07-12T13:48:49.254Z,true
959,US,United States,CT,Connecticut,US,2025-07-12 13:48:49.254+00,2025-07-25 02:02:05.038082+00,Uploaded from LERG file on 2025-07-12T13:48:49.254Z,true
970,US,United States,CO,Colorado,US,2025-07-12 13:48:49.254+00,2025-07-25 02:02:05.038082+00,Uploaded from LERG file on 2025-07-12T13:48:49.254Z,true
971,US,United States,OR,Oregon,US,2025-07-12 13:48:49.254+00,2025-07-25 02:02:05.038082+00,Uploaded from LERG file on 2025-07-12T13:48:49.254Z,true
972,US,United States,TX,Texas,US,2025-07-12 13:48:49.254+00,2025-07-25 02:02:05.038082+00,Uploaded from LERG file on 2025-07-12T13:48:49.254Z,true
973,US,United States,NJ,New Jersey,US,2025-07-12 13:48:49.254+00,2025-07-25 02:02:05.038082+00,Uploaded from LERG file on 2025-07-12T13:48:49.254Z,true
975,US,United States,MO,Missouri,US,2025-07-12 13:48:49.254+00,2025-07-25 02:02:05.038082+00,Uploaded from LERG file on 2025-07-12T13:48:49.254Z,true
978,US,United States,MA,Massachusetts,US,2025-07-12 13:48:49.254+00,2025-07-25 02:02:05.038082+00,Uploaded from LERG file on 2025-07-12T13:48:49.254Z,true
979,US,United States,TX,Texas,US,2025-07-12 13:48:49.254+00,2025-07-25 02:02:05.038082+00,Uploaded from LERG file on 2025-07-12T13:48:49.254Z,true
980,US,United States,NC,North Carolina,US,2025-07-12 13:48:49.254+00,2025-07-25 02:02:05.038082+00,Uploaded from LERG file on 2025-07-12T13:48:49.254Z,true
983,US,United States,CO,Colorado,US,2025-07-12 13:48:49.254+00,2025-07-25 02:02:05.038082+00,Uploaded from LERG file on 2025-07-12T13:48:49.254Z,true
984,US,United States,NC,North Carolina,US,2025-07-12 13:48:49.254+00,2025-07-25 02:02:05.038082+00,Uploaded from LERG file on 2025-07-12T13:48:49.254Z,true
985,US,United States,LA,Louisiana,US,2025-07-12 13:48:49.254+00,2025-07-25 02:02:05.038082+00,Uploaded from LERG file on 2025-07-12T13:48:49.254Z,true
986,US,United States,ID,Idaho,US,2025-07-12 13:48:49.254+00,2025-07-25 02:02:05.038082+00,Uploaded from LERG file on 2025-07-12T13:48:49.254Z,true
989,US,United States,MI,Michigan,US,2025-07-12 13:48:49.254+00,2025-07-25 02:02:05.038082+00,Uploaded from LERG file on 2025-07-12T13:48:49.254Z,true